"Year","County.Code","County","CO","NO2","SO2","O3","PM2.5","PM10","Spending.Per.Capita.Mean","Median.Household.Income"
2010,4013,"Maricopa County, AZ",3.2,25,2,0.079,9.2,39,5723.51,59119.2131269333
2010,4019,"Pima County, AZ",1.3,12,1,0.069,5.2,30,5565.28,51930.9715022857
2010,5119,"Pulaski County, AR",1.6,10,2,0.073,12.6,23,5878.29,52446.8459623811
2010,6001,"Alameda County, CA",1.7,16,1,0.074,7.8,20,5713.8,78479.7471259228
2010,6013,"Contra Costa County, CA",0.9,8,1,0.078,7.1,18,7340.89,86383.1783429754
2010,6019,"Fresno County, CA",2,13,1,0.099,14.6,28,4709.89,52606.2980682288
2010,6023,"Humboldt County, CA",0.8,3,1,0.045,5.6,18,5369.02,44850.5945374763
2010,6025,"Imperial County, CA",4.4,14,0,0.078,12.2,37,4278.16,46031.2435859219
2010,6037,"Los Angeles County, CA",3.6,26,1,0.09,12.6,33,5512.09,61664.5846107222
2010,6059,"Orange County, CA",1.9,17,1,0.071,10.2,22,6581.7,82923.3021344719
2010,6065,"Riverside County, CA",1.8,17,1,0.099,15.2,43,6023.08,63289.5891600227
2010,6067,"Sacramento County, CA",1.9,12,0,0.096,8.7,21,5265.69,61734.9311280079
2010,6071,"San Bernardino County, CA",1.6,23,1,0.109,13,34,4963.44,61283.5409754245
2010,6073,"San Diego County, CA",2.4,21,2,0.081,10.8,46,6312.56,70063.9587746392
2010,6085,"Santa Clara County, CA",1.8,14,0,0.08,8.8,18,5626.87,99220.2453056676
2010,6095,"Solano County, CA",1.9,9,1,0.07,7.7,12,6455.23,73802.8761683761
2010,8031,"Denver County, CO",2.4,28,2,0.069,7.8,28,5524.1,53246.451375529
2010,9001,"Fairfield County, CT",1.7,10,2,0.084,9.1,16,7837.81,87504.0328517281
2010,9009,"New Haven County, CT",1.6,14,1,0.079,9.2,18,8073.59,66911.2623582834
2010,11001,"District of Columbia",3.1,18,3,0.086,11.4,22,10619.7,71201.2274707586
2010,12011,"Broward County, FL",1.6,7,0,0.062,7,15,7630.36,56179.9011463442
2010,12031,"Duval County, FL",1.9,9,1,0.068,9.4,22,5973.38,54063.6434179983
2010,12057,"Hillsborough County, FL",0.9,6,3,0.072,8.1,22,5538.77,53982.7449231197
2010,12086,"Miami-Dade County, FL",1.4,10,0,0.069,8,24,4561.81,47067.6822739318
2010,12095,"Orange County, FL",1.3,6,0,0.071,7.8,17,5044,52882.9943695527
2010,12103,"Pinellas County, FL",1.1,6,1,0.067,8.1,21,7393.93,49978.8556476065
2010,15003,"Honolulu County, HI",0.8,3,1,0.046,4.5,19,5819.81,79162.1083435945
2010,17031,"Cook County, IL",1.9,25,4,0.074,14,27,6562.52,60330.3456662027
2010,17163,"Saint Clair County, IL",1.5,12,2,0.072,13,26,6534.92,55136.4278066058
2010,18089,"Lake County, IN",2.4,15,2,0.069,13.3,32,7132.19,53055.3433369028
2010,18097,"Marion County, IN",2.8,13,3,0.072,14.2,32,6119.05,46186.0059239506
2010,18163,"Vanderburgh County, IN",4.3,11,2,0.071,13.5,20,6248.39,48098.2587521678
2010,19153,"Polk County, IA",1.1,9,0,0.057,10.3,21,7236.09,63696.4265183252
2010,20209,"Wyandotte County, KS",1.6,13,5,0.058,10.8,30,5478.39,44324.1680997881
2010,22033,"East Baton Rouge Parish, LA",2,13,1,0.08,10.8,28,6716.83,52655.5406303288
2010,25013,"Hampden County, MA",1.7,15,2,0.074,9.2,15,7455.7,54349.7192549603
2010,25025,"Suffolk County, MA",1.8,19,3,0.07,10,16,6790.21,58134.361884933
2010,25027,"Worcester County, MA",1.4,14,2,0.071,8.7,16,8053.25,71611.5821549254
2010,26163,"Wayne County, MI",1.2,12,3,0.078,12.3,21,5910.89,46218.8342986839
2010,29510,"St. Louis City, MO",1.7,13,3,0.071,14,38,5816.55,38417.4055316957
2010,33011,"Hillsborough County, NH",2.4,8,1,0.077,8,11,7094.69,79315.6982396683
2010,37067,"Forsyth County, NC",1.9,9,0,0.081,10.8,19,7117.22,52106.8377955001
2010,37119,"Mecklenburg County, NC",1.7,12,1,0.082,12.1,23,5449.41,61392.5780772173
2010,38017,"Cass County, ND",0.5,5,0,0.063,8.5,13,6335.88,59714.8136399525
2010,39035,"Cuyahoga County, OH",3.5,16,6,0.075,14,31,7588.39,48547.3040208418
2010,40109,"Oklahoma County, OK",0.8,9,1,0.072,9.5,22,6508.38,50131.2731017256
2010,40143,"Tulsa County, OK",1.8,8,5,0.073,10.7,24,6762.68,51858.2801010905
2010,41051,"Multnomah County, OR",2.4,9,1,0.054,6.3,15,4998.33,56298.3177837752
2010,42003,"Allegheny County, PA",2.5,15,7,0.083,16.3,28,8189.77,55679.2684316607
2010,42011,"Berks County, PA",1,8,3,0.084,10.1,8,7063.61,60534.3505663314
2010,42021,"Cambria County, PA",1.1,10,4,0.072,13.6,19,6569.64,47476.8645161438
2010,42095,"Northampton County, PA",1.1,11,2,0.082,13.7,20,8013.93,66089.3805479951
2010,42101,"Philadelphia County, PA",1.8,23,3,0.088,11.3,25,6199,40645.045245744
2010,42125,"Washington County, PA",0.9,11,5,0.073,13.2,20,7602.94,56069.6916025966
2010,42133,"York County, PA",1.1,13,3,0.076,12,22,7666.16,65609.8517884973
2010,44007,"Providence County, RI",1.6,10,1,0.075,9.2,17,6833.49,53430.5247624267
2010,45019,"Charleston County, SC",0.3,8,1,0.068,9.4,17,5879.79,54151.5765646055
2010,45045,"Greenville County, SC",1.1,11,1,0.07,12.6,17,6181.36,53540.7343061743
2010,45079,"Richland County, SC",0.8,5,1,0.072,12,18,5366.16,53866.6731695983
2010,46127,"Union County, SD",0.3,3,0,0.062,9.7,19,5771.87,76375.2138171245
2010,48113,"Dallas County, TX",1.5,13,1,0.078,10.6,28,5276.44,54998.0796559439
2010,48141,"El Paso County, TX",2.9,17,1,0.073,7.7,28,4099.36,42282.9466565469
2010,48201,"Harris County, TX",1.7,14,2,0.087,12.2,35,5806.76,59134.4548723452
2010,51510,"Alexandria City, VA",1.6,16,2,0.081,11.3,17,4713.75,91477.4386364175
2011,4013,"Maricopa County, AZ",2.9,25,1,0.082,12,44,5628.32,57720.3254453982
2011,4019,"Pima County, AZ",1.6,12,0,0.075,5.8,40,5546.06,50124.6784049021
2011,5119,"Pulaski County, AR",1.4,10,2,0.08,12.5,23,5855.76,49892.8196593894
2011,6013,"Contra Costa County, CA",1,10,3,0.075,7.9,18,7415.83,84379.5349294439
2011,6025,"Imperial County, CA",5.5,14,0,0.083,12.7,40,4393.17,41936.8823133662
2011,6037,"Los Angeles County, CA",3.8,25,0,0.101,13.3,33,5618.16,59372.887288415
2011,6065,"Riverside County, CA",1.6,15,0,0.106,15.3,50,6144.55,59659.3010328719
2011,6067,"Sacramento County, CA",2.4,13,0,0.094,12.7,25,5393,59369.477600981
2011,6071,"San Bernardino County, CA",1.5,21,2,0.113,13.3,32,5011.3,57984.007940295
2011,6073,"San Diego County, CA",2.2,20,0,0.082,10.9,45,6457.6,67386.7893208164
2011,6083,"Santa Barbara County, CA",1.8,9,1,0.066,11,21,5834.16,67618.6480663291
2011,6085,"Santa Clara County, CA",2,15,1,0.068,9.9,18,5817.97,96313.4409484787
2011,6095,"Solano County, CA",2.4,10,1,0.069,10,13,6731.38,71705.726737229
2011,8001,"Adams County, CO",1.6,18,1,0.075,7.6,28,5648.75,59588.8341592357
2011,8031,"Denver County, CO",1.8,24,2,0.074,7.5,33,5648.75,54082.1889533096
2011,9005,"Litchfield County, CT",0.6,2,1,0.07,5.7,8,7526.21,78034.1066147514
2011,9009,"New Haven County, CT",1.5,15,2,0.092,10.1,16,8092.03,67040.1377650254
2011,11001,"District of Columbia",2.4,16,4,0.085,10.4,18,11036.36,70565.7545717916
2011,13089,"DeKalb County, GA",1.5,13,1,0.08,12.5,21,5031.12,54888.011750214
2011,15003,"Honolulu County, HI",1,3,2,0.05,8.9,18,5831.96,74432.3401219589
2011,18089,"Lake County, IN",2.3,12,3,0.072,12.1,30,6962.7,54717.5273785135
2011,18097,"Marion County, IN",2.3,11,3,0.077,13.2,25,6055.01,45413.6269335783
2011,18163,"Vanderburgh County, IN",5.8,8,2,0.077,12.3,18,6202.03,49520.0271666043
2011,19153,"Polk County, IA",0.9,8,0,0.059,9.6,20,7169.14,63750.9259536838
2011,19163,"Scott County, IA",0.5,7,1,0.066,11.5,42,6353.28,56836.0798375116
2011,22033,"East Baton Rouge Parish, LA",1.4,12,1,0.083,12.5,33,6509.03,52195.4952398241
2011,25013,"Hampden County, MA",3,16,3,0.074,9.7,14,7383.76,53774.1805217707
2011,25025,"Suffolk County, MA",1.4,20,2,0.066,10.3,17,6660.45,55729.0679839364
2011,25027,"Worcester County, MA",1.7,17,3,0.068,9,16,8064.4,68643.827421488
2011,26163,"Wayne County, MI",1.5,12,3,0.083,11.2,21,5832.75,43733.7875910894
2011,29510,"St. Louis City, MO",1.4,13,3,0.079,12.5,43,5831.82,37024.6592834359
2011,32003,"Clark County, NV",3,13,1,0.078,8.2,25,5226.85,54944.8398741141
2011,32031,"Washoe County, NV",2.6,17,1,0.067,6.7,35,4819.05,57862.3957551486
2011,34017,"Hudson County, NJ",1.8,19,2,0.078,11.8,30,5017.1,62662.0990997566
2011,35001,"Bernalillo County, NM",2.2,13,0,0.076,6.4,36,5705.75,50263.3390272185
2011,37119,"Mecklenburg County, NC",1.5,10,1,0.088,11,20,5404.37,59227.4072912306
2011,38017,"Cass County, ND",0.4,4,0,0.057,7.1,18,6314.15,59605.8825964057
2011,39035,"Cuyahoga County, OH",3.1,15,6,0.081,12.6,37,7367.88,47291.2281472398
2011,39061,"Hamilton County, OH",1.8,13,3,0.088,13.3,18,6708.39,52423.9442979028
2011,40109,"Oklahoma County, OK",1,10,1,0.084,10.2,28,6356.06,48986.9793644208
2011,40143,"Tulsa County, OK",1.4,9,5,0.085,11.2,24,6639.18,52846.74553972
2011,42003,"Allegheny County, PA",2.3,16,7,0.08,14,25,8007.97,56466.6970321606
2011,42011,"Berks County, PA",0.7,9,2,0.075,11.8,7,7249.71,59292.1913524768
2011,42021,"Cambria County, PA",1.4,9,3,0.072,13.4,18,6460.72,45339.7503725081
2011,42095,"Northampton County, PA",1.1,11,3,0.076,14.5,21,8079.16,65106.8449899417
2011,42101,"Philadelphia County, PA",1.7,20,2,0.089,11.4,22,6408.7,39135.255805088
2011,42125,"Washington County, PA",0.9,10,5,0.071,10.8,19,7557.73,59537.6888477255
2011,42133,"York County, PA",1.2,13,1,0.076,11.5,20,7811.41,63103.0853412219
2011,45079,"Richland County, SC",0.8,6,1,0.081,10.9,16,5257.81,51352.1658811457
2011,46127,"Union County, SD",0.3,3,0,0.061,9.3,17,5317.14,75288.1716678954
2011,48113,"Dallas County, TX",1.3,13,1,0.088,11.1,29,5171.87,53799.1848962868
2011,48141,"El Paso County, TX",2.7,17,1,0.071,12,39,4114.6,44457.7778895776
2011,48201,"Harris County, TX",2,14,1,0.087,13.2,41,5644.79,57878.3076298407
2011,49035,"Salt Lake County, UT",1.6,18,2,0.075,8.9,29,4550.17,63836.168139534
2011,51087,"Henrico County, VA",1.1,10,1,0.078,9.5,14,7000.85,66045.6455967725
2011,51510,"Alexandria City, VA",1.4,13,0,0.084,10.2,17,4588.86,93277.6825697318
2011,51650,"Hampton City, VA",1,5,1,0.076,8.8,15,5394.48,55300.5839297292
2011,56021,"Laramie County, WY",0.2,4,0,0.067,4.7,12,6660.33,61191.3872532203
2011,56037,"Sweetwater County, WY",0.9,4,1,0.068,5.1,33,5886.24,79282.052215599
2012,4013,"Maricopa County, AZ",2.5,26,2,0.083,12,48,5565.22,57281.6955218398
2012,4019,"Pima County, AZ",1.2,13,0,0.071,5.9,42,5613.48,49824.4521232597
2012,5119,"Pulaski County, AR",1.4,11,2,0.08,11.6,20,5969.63,49906.852602802
2012,6013,"Contra Costa County, CA",0.9,9,2,0.072,6.6,15,7623.18,82632.0917010359
2012,6019,"Fresno County, CA",2.1,13,1,0.097,15.4,33,4735.69,46281.2315029398
2012,6023,"Humboldt County, CA",0.7,3,0,0.046,5.8,16,5531.31,44359.2959936148
2012,6025,"Imperial County, CA",4.5,14,0,0.084,14.2,53,4440.85,42519.7609638322
2012,6037,"Los Angeles County, CA",3.9,21,0,0.102,12.7,31,5620.99,58937.499752643
2012,6059,"Orange County, CA",2.3,18,0,0.071,10.8,26,6839.41,80024.2278755208
2012,6071,"San Bernardino County, CA",1.6,22,1,0.106,12.5,35,5042.99,56347.4522470289
2012,6073,"San Diego County, CA",2.1,20,0,0.08,11.1,24,6468.35,67072.8768274566
2012,6083,"Santa Barbara County, CA",1,10,2,0.07,8.5,20,5682.53,67571.7337846858
2012,6085,"Santa Clara County, CA",1.9,13,1,0.07,9,18,5836.18,101547.455835974
2012,6095,"Solano County, CA",2.1,9,1,0.07,9,11,6829.98,69011.5151366888
2012,9001,"Fairfield County, CT",1.6,8,1,0.09,9.3,17,7854.89,88564.9262280831
2012,9003,"Hartford County, CT",2.5,9,1,0.077,8.5,11,7901.05,70568.2160880424
2012,9005,"Litchfield County, CT",0.4,2,0,0.073,5.5,8,7717.14,75436.5255010023
2012,9009,"New Haven County, CT",1.2,13,1,0.081,9.2,15,8087.11,65939.3134737528
2012,11001,"District of Columbia",2.5,17,2,0.087,11.6,17,10846.11,72636.0227165572
2012,13089,"DeKalb County, GA",1.4,12,0,0.085,13.6,20,5032.51,54630.4044165659
2012,15003,"Honolulu County, HI",1.1,3,2,0.046,7.1,18,5846.54,78813.8316422437
2012,18089,"Lake County, IN",1.9,12,2,0.081,11.5,27,7392.08,53465.6625030353
2012,18097,"Marion County, IN",2.4,10,4,0.082,11.7,30,6532.41,46306.8424627975
2012,18163,"Vanderburgh County, IN",4.7,7,1,0.08,11,18,6638.95,46527.3194215729
2012,19153,"Polk County, IA",1.2,8,0,0.068,9.2,23,7194.36,64519.5754816384
2012,19163,"Scott County, IA",0.8,8,1,0.072,10.4,44,6572.07,59367.3184702556
2012,20209,"Wyandotte County, KS",1.9,12,3,0.082,9.5,30,5478.04,42068.785366337
2012,22033,"East Baton Rouge Parish, LA",1.7,11,1,0.075,10.3,25,6766.29,52768.598986907
2012,24033,"Prince George's County, MD",0.9,9,1,0.09,11.3,12,6070.05,77120.1677316508
2012,25013,"Hampden County, MA",1.5,14,2,0.074,9,14,7563.54,53878.7784207407
2012,25025,"Suffolk County, MA",1.6,19,2,0.067,9.5,17,6725.58,56660.351365291
2012,25027,"Worcester County, MA",1.7,13,3,0.07,8.8,18,8273.72,69392.3389745736
2012,26163,"Wayne County, MI",2.3,19,4,0.083,12.3,25,5860.76,43940.6124759403
2012,29510,"St. Louis City, MO",1.2,14,3,0.087,11.1,46,5891.41,35726.1754815658
2012,32003,"Clark County, NV",3.1,14,1,0.075,8.3,28,4998.41,55211.6618533374
2012,32031,"Washoe County, NV",2.3,14,0,0.072,9.1,30,4715.27,55062.4501741662
2012,34017,"Hudson County, NJ",2.5,16,1,0.074,10.9,30,4980.56,62453.9958931113
2012,35001,"Bernalillo County, NM",2.2,14,1,0.077,7.4,26,5920.28,51444.6237142607
2012,37067,"Forsyth County, NC",1.2,9,0,0.079,8.9,13,6756.99,47935.9222137491
2012,37119,"Mecklenburg County, NC",1.5,9,0,0.085,9.6,18,5465.06,61680.0994974097
2012,38017,"Cass County, ND",0.4,5,0,0.063,7.5,21,6623.66,57897.4720784196
2012,39035,"Cuyahoga County, OH",4.6,14,5,0.087,12.3,51,7282.98,46716.6178205215
2012,40109,"Oklahoma County, OK",0.6,9,0,0.081,9.8,25,6557.62,48575.082690199
2012,41051,"Multnomah County, OR",2.1,9,1,0.06,7.3,15,5160.43,57435.3612809863
2012,42003,"Allegheny County, PA",1.7,14,7,0.085,14.9,27,7816.54,56601.3348056188
2012,42095,"Northampton County, PA",1.4,9,2,0.073,12.4,17,8249.66,61781.4298168469
2012,42101,"Philadelphia County, PA",1.5,18,2,0.085,10.3,19,6529.16,39550.0031403271
2012,42125,"Washington County, PA",1.2,8,2,0.076,10.6,17,7319.43,59623.4280688331
2012,42133,"York County, PA",1.2,12,1,0.079,12.1,17,7709.91,61962.9335758388
2012,44007,"Providence County, RI",1,10,1,0.079,7.8,14,6414.69,53004.6652255958
2012,46099,"Minnehaha County, SD",0.8,6,0,0.072,8.7,20,7108.47,54486.7603373638
2012,46127,"Union County, SD",0.3,6,0,0.068,9.9,22,5759.05,72124.917039396
2012,48141,"El Paso County, TX",3.9,16,1,0.074,9.9,28,4088.7,44643.2435920377
2012,48201,"Harris County, TX",1.9,14,1,0.086,12.7,39,5718.25,57121.3486427304
2012,49035,"Salt Lake County, UT",1.8,16,1,0.078,8.9,29,4567.05,65411.5049966844
2012,49047,"Uintah County, UT",1.5,7,0,0.072,5.2,15,3740.64,67277.7645063186
2012,51087,"Henrico County, VA",1.1,10,1,0.078,8.7,14,7175.51,65389.2345968081
2012,51650,"Hampton City, VA",0.9,5,1,0.074,7.7,12,5409.02,52564.8248280388
2012,56021,"Laramie County, WY",0.3,4,0,0.068,5.7,13,6891.7,60128.9661460252
2012,56037,"Sweetwater County, WY",1,5,0,0.065,6.8,26,5767.1,72097.0790395506
2013,4013,"Maricopa County, AZ",2.7,25,1,0.079,10.5,40,5360.75,57139.5334526925
2013,4019,"Pima County, AZ",1.1,11,0,0.074,6.8,37,5534.55,48206.3370806855
2013,5119,"Pulaski County, AR",1.1,10,2,0.07,11,20,5787.09,51059.6921872233
2013,6013,"Contra Costa County, CA",1,10,1,0.065,12,17,7385.44,86598.2300391524
2013,6019,"Fresno County, CA",2.2,14,1,0.095,17.1,45,4812.48,48003.3098904126
2013,6023,"Humboldt County, CA",0.8,3,0,0.046,6.7,19,5634.74,44865.7167174927
2013,6037,"Los Angeles County, CA",3.4,23,1,0.094,12.6,33,5672.25,59748.1584866311
2013,6065,"Riverside County, CA",1.6,16,0,0.1,14,54,6220.07,59162.1232455191
2013,6067,"Sacramento County, CA",2.4,10,1,0.079,11.3,23,5551.36,58142.5975170677
2013,6071,"San Bernardino County, CA",4.2,21,1,0.104,12.3,41,5099.81,57190.0158891927
2013,6073,"San Diego County, CA",2.3,19,0,0.078,10.6,25,6494.81,67344.6677356523
2013,6083,"Santa Barbara County, CA",1,10,1,0.065,8.9,21,5784.47,66727.9040549314
2013,6085,"Santa Clara County, CA",2.1,15,0,0.067,12.4,21,5830.66,100792.574249907
2013,6095,"Solano County, CA",2,10,1,0.064,11.3,13,7125.75,69575.7719401106
2013,8001,"Adams County, CO",2.1,17,1,0.076,8.7,29,5735.51,60223.3518562968
2013,8031,"Denver County, CO",2.5,24,2,0.071,8.5,34,5735.51,56140.8591654042
2013,9001,"Fairfield County, CT",1.8,9,1,0.09,8.7,16,7587.93,89788.5005371161
2013,9005,"Litchfield County, CT",0.6,2,0,0.068,5.2,7,7611.28,77390.6725992091
2013,9009,"New Haven County, CT",1.4,14,1,0.085,8.8,15,8101.53,64389.2503118421
2013,11001,"District of Columbia",2.5,12,1,0.066,11.6,17,10802.15,72789.0887677809
2013,13089,"DeKalb County, GA",1.2,9,0,0.062,9.8,18,5151.3,54755.8844944616
2013,15003,"Honolulu County, HI",1.2,3,2,0.047,6.2,19,5847.98,79728.2288980266
2013,18089,"Lake County, IN",1.4,12,4,0.064,11.3,25,7305.91,53051.5535404411
2013,18097,"Marion County, IN",2.2,12,3,0.069,11.5,25,6230.99,45519.7935034529
2013,18163,"Vanderburgh County, IN",4.8,8,1,0.068,10.8,14,6439.82,46108.0236331084
2013,19153,"Polk County, IA",1.3,9,0,0.059,9,20,7098.53,65175.0204104118
2013,19163,"Scott County, IA",0.7,7,1,0.06,10.4,44,6357.68,59749.2559309029
2013,22033,"East Baton Rouge Parish, LA",1.8,10,1,0.067,9.9,23,6867.88,52424.9128612745
2013,25013,"Hampden County, MA",1.3,14,1,0.071,7.9,14,7531.52,53291.8938359533
2013,25025,"Suffolk County, MA",1.2,18,2,0.071,8.8,19,6585.4,59441.9715348142
2013,25027,"Worcester County, MA",1.3,12,3,0.07,7.2,18,8062.54,68335.6599130383
2013,26163,"Wayne County, MI",1.6,18,3,0.067,11,23,6544.8,44430.0313416098
2013,29510,"St. Louis City, MO",1,14,2,0.066,11.1,32,5803.98,37692.8209573652
2013,32003,"Clark County, NV",2.9,14,2,0.075,10.8,28,4963.83,56047.5764023059
2013,32031,"Washoe County, NV",2.4,16,1,0.069,10.4,38,4914.4,58784.6024160387
2013,35001,"Bernalillo County, NM",1.1,12,1,0.07,8.7,27,5735.64,52735.4895901784
2013,37067,"Forsyth County, NC",1.7,6,0,0.066,8.3,12,6780.64,50661.3199165798
2013,37119,"Mecklenburg County, NC",1.6,8,0,0.067,9.1,19,5344.77,59983.0115607846
2013,39035,"Cuyahoga County, OH",4.6,13,3,0.069,12.2,41,7321.35,47906.734794499
2013,39061,"Hamilton County, OH",0.9,12,3,0.069,11.6,22,6772.03,51714.8664174553
2013,40109,"Oklahoma County, OK",0.8,9,0,0.073,9.1,20,6497.2,50469.2671690243
2013,40143,"Tulsa County, OK",1,8,2,0.072,9.3,19,6560.31,52767.3154740591
2013,41051,"Multnomah County, OR",1.8,10,1,0.053,8.7,13,5043.37,58849.3516280717
2013,42003,"Allegheny County, PA",1.5,11,4,0.076,12,24,7465,56408.6355677101
2013,42049,"Erie County, PA",0.8,6,1,0.068,12.2,11,6226.93,48532.2780293938
2013,42125,"Washington County, PA",0.7,8,3,0.071,10.6,15,7252.73,60270.5419599819
2013,44007,"Providence County, RI",1.3,10,1,0.076,9.5,19,6297.98,52284.4399944911
2013,46099,"Minnehaha County, SD",0.5,5,1,0.067,8.9,20,7234.26,57486.325842564
2013,46127,"Union County, SD",0.3,4,0,0.063,10.5,20,5791.5,73343.2981250123
2013,48113,"Dallas County, TX",1.5,12,0,0.081,12.9,30,5005.32,52569.7755051449
2013,48201,"Harris County, TX",1.9,13,1,0.08,11.8,31,5624.72,57652.0399275975
2013,48453,"Travis County, TX",0.4,5,1,0.07,7.2,14,4815.4,66254.9055738092
2013,51087,"Henrico County, VA",1.2,8,1,0.065,8.2,13,7184.82,65901.5285183072
2013,51650,"Hampton City, VA",0.9,4,1,0.068,7.1,9,5525.78,49706.5434001613
2013,56021,"Laramie County, WY",0.3,4,0,0.069,4.6,12,6585.94,65530.5923544573
2014,1073,"Jefferson County, AL",2.4,14,2,0.065,11.7,25,7070.82,48436.8172966108
2014,4013,"Maricopa County, AZ",2.8,25,1,0.08,11.1,45,5562.19,58239.300811311
2014,4019,"Pima County, AZ",1.1,11,0,0.069,5.9,39,5768.02,49537.2613531801
2014,5119,"Pulaski County, AR",1.2,9,1,0.066,10.8,20,6144.27,49350.434246422
2014,6013,"Contra Costa County, CA",1,9,1,0.072,10.5,16,7557.89,86759.0526169428
2014,6019,"Fresno County, CA",2,12,0,0.097,16.4,41,4966.05,46801.8101311094
2014,6023,"Humboldt County, CA",0.9,2,0,0.043,3.1,17,5790.85,43824.4556031785
2014,6067,"Sacramento County, CA",1.9,11,1,0.081,8.8,20,5737.93,60263.0811469449
2014,6083,"Santa Barbara County, CA",1,8,1,0.076,8.9,24,6051.66,67080.6506554061
2014,6085,"Santa Clara County, CA",1.9,13,0,0.073,9.3,19,6042.89,104989.274519736
2014,6095,"Solano County, CA",2,8,1,0.066,10,11,7203.63,72469.4787636307
2014,8001,"Adams County, CO",1.7,18,1,0.067,9.4,30,6050.54,64056.8593321539
2014,8031,"Denver County, CO",2.4,25,1,0.066,9.9,31,6050.54,59257.6705319635
2014,9001,"Fairfield County, CT",1.4,9,1,0.081,8.7,18,7860.59,92156.520128948
2014,9003,"Hartford County, CT",1.4,14,1,0.077,8.1,10,7991.33,71068.8154256813
2014,9005,"Litchfield County, CT",0.6,2,0,0.068,5.2,7,7926.1,79280.5687192564
2014,9009,"New Haven County, CT",1.3,13,1,0.072,9.2,14,8283.56,65213.4595132979
2014,11001,"District of Columbia",2,11,1,0.069,9.9,17,10903.01,75586.1436775257
2014,12011,"Broward County, FL",2,7,0,0.063,6.3,15,7075.43,55599.9629563009
2014,12031,"Duval County, FL",1.3,8,1,0.071,8.1,16,5965.73,49690.6107702879
2014,12095,"Orange County, FL",1.5,5,0,0.063,6.4,15,4919.94,50831.012069343
2014,12103,"Pinellas County, FL",0.8,5,0,0.064,6.5,19,7318.05,48771.5941931137
2014,13089,"DeKalb County, GA",1.3,11,0,0.07,12,18,5282.29,54640.9891366409
2014,15003,"Honolulu County, HI",1.3,3,1,0.054,4.5,19,6200.57,79898.2860895779
2014,18089,"Lake County, IN",1.9,13,2,0.067,11.9,24,7631.55,54832.1359452893
2014,18097,"Marion County, IN",3.1,17,3,0.066,12.2,27,6619.55,46112.8176795969
2014,18163,"Vanderburgh County, IN",3.2,9,2,0.07,11.5,17,6862.97,46028.5834927349
2014,19153,"Polk County, IA",0.8,9,0,0.061,9.3,21,7261.64,65905.6917412281
2014,19163,"Scott County, IA",0.6,7,1,0.064,10.3,45,6699.18,59351.6240480788
2014,20209,"Wyandotte County, KS",1.1,11,2,0.063,9.9,25,5462.58,40051.1960019487
2014,22033,"East Baton Rouge Parish, LA",1.3,11,1,0.075,10,24,7165.9,50573.9898068666
2014,24033,"Prince George's County, MD",0.8,8,1,0.069,9.9,12,6273.78,77650.9611811179
2014,25025,"Suffolk County, MA",1.1,17,1,0.06,8.4,16,6782.4,58618.3546521902
2014,25027,"Worcester County, MA",1.1,13,1,0.065,7.5,15,8455.73,70429.499545908
2014,26163,"Wayne County, MI",1.5,16,3,0.073,12,27,6760.38,44745.6320312978
2014,27053,"Hennepin County, MN",1.2,16,1,0.06,9.8,21,7767.51,69644.393727335
2014,29510,"St. Louis City, MO",1,14,2,0.066,11.9,31,5771.74,38532.8207874871
2014,32003,"Clark County, NV",2.8,14,1,0.074,10.3,29,5358.89,55336.4611409889
2014,32031,"Washoe County, NV",2.4,14,0,0.071,7.7,23,5152.81,57087.0203320574
2014,34013,"Essex County, NJ",2.5,19,1,0.07,9.2,15,6007.71,58967.1705798368
2014,34017,"Hudson County, NJ",1.8,17,1,0.072,10.5,17,5331.35,62333.2982779001
2014,35001,"Bernalillo County, NM",1.2,12,1,0.064,7.4,34,6100.93,50963.8429024716
2014,37067,"Forsyth County, NC",1.5,6,0,0.067,9.1,12,6491,49616.0959126792
2014,37119,"Mecklenburg County, NC",1.3,9,0,0.068,9.2,17,5695.16,63768.5192309723
2014,37183,"Wake County, NC",1.2,10,0,0.063,11.1,14,6373.73,72301.0103899066
2014,38017,"Cass County, ND",0.3,4,0,0.059,6.7,16,7158.27,58051.3937790804
2014,39035,"Cuyahoga County, OH",3.7,12,4,0.071,12.5,38,7486.11,47665.7505091815
2014,39049,"Franklin County, OH",1.3,12,0,0.07,10.9,23,6317.47,57413.1578247796
2014,39061,"Hamilton County, OH",1.1,23,2,0.073,13.3,19,6893.92,52887.1901691545
2014,40109,"Oklahoma County, OK",0.7,7,0,0.069,9.1,23,6805.64,52080.4858411298
2014,40143,"Tulsa County, OK",0.9,7,1,0.065,9.5,20,6818.61,54543.7958441077
2014,41051,"Multnomah County, OR",1.3,8,1,0.055,6.3,11,5621.07,57796.5313675491
2014,42003,"Allegheny County, PA",1.6,6,4,0.071,12.8,26,7464.92,56571.8958816319
2014,42021,"Cambria County, PA",1.2,7,4,0.06,11.4,19,6339.57,46116.0574560147
2014,42125,"Washington County, PA",0.7,9,2,0.065,13.4,14,7148.25,60255.5216686367
2014,44007,"Providence County, RI",1.7,10,1,0.064,7,12,6791.35,51056.7164931143
2014,46099,"Minnehaha County, SD",0.5,5,1,0.066,7.8,21,7319.78,59511.4530180222
2014,47037,"Davidson County, TN",1.2,10,1,0.071,10.5,18,6228.71,52047.0081514795
2014,48113,"Dallas County, TX",1.1,10,0,0.07,10.7,27,5175.58,54123.7048352702
2014,48141,"El Paso County, TX",2.4,14,1,0.07,9.2,36,4405.61,43284.4928668835
2014,48201,"Harris County, TX",2,13,1,0.07,11.5,42,5898.63,58564.3583785607
2014,48453,"Travis County, TX",0.3,5,0,0.063,10,26,4922.75,66716.7157711433
2014,49035,"Salt Lake County, UT",1.7,14,1,0.072,7.7,18,4757.05,67534.219353894
2014,51650,"Hampton City, VA",0.9,4,1,0.061,7.6,10,5592.06,51420.6513773772
2014,55079,"Milwaukee County, WI",0.7,16,1,0.069,10.5,18,7796.2,46378.4793458541
2014,56021,"Laramie County, WY",0.3,4,0,0.065,3.8,11,6909.14,61763.0976283725
2015,1073,"Jefferson County, AL",1.9,13,1,0.073,11.8,24,7332.48,52222.6415316904
2015,2090,"Fairbanks North Star Borough, AK",2.4,13,7,0.045,18.4,21,6833.96,76455.5004524992
2015,4013,"Maricopa County, AZ",2.6,22,1,0.076,9,36,5833.94,60422.5077079562
2015,4019,"Pima County, AZ",1.4,9,0,0.066,5.1,26,6100.1,50811.7726868396
2015,5119,"Pulaski County, AR",1,9,1,0.065,10.9,21,6424.46,50127.9111825312
2015,6013,"Contra Costa County, CA",1,9,2,0.074,8.9,18,7941.08,89566.4414380966
2015,6019,"Fresno County, CA",1.7,11,1,0.093,16,39,5498.07,50273.5283798209
2015,6023,"Humboldt County, CA",0.9,3,0,0.047,5.9,18,6438.62,43942.9555583917
2015,6025,"Imperial County, CA",3.9,11,1,0.077,11.6,46,5437.66,43064.9377910305
2015,6037,"Los Angeles County, CA",3,22,0,0.1,12.6,37,6487.85,63688.6475108677
2015,6059,"Orange County, CA",2.3,25,0,0.075,7.1,26,7379.9,84136.5379480515
2015,6065,"Riverside County, CA",1.5,14,0,0.097,13.4,51,7332.85,62448.2047191411
2015,6067,"Sacramento County, CA",1.9,11,2,0.081,10.4,22,6184.05,63354.2672800545
2015,6071,"San Bernardino County, CA",4.4,30,0,0.107,14.5,31,5914.92,57735.6007564858
2015,6083,"Santa Barbara County, CA",0.8,8,0,0.067,8.3,22,6577.81,68007.545717888
2015,6085,"Santa Clara County, CA",1.8,18,0,0.072,10.6,21,6728.94,110227.903764639
2015,6095,"Solano County, CA",1.8,8,1,0.068,9.5,12,6756.98,72487.1621648799
2015,8031,"Denver County, CO",2,27,1,0.07,9.9,27,6388.15,62438.4969059885
2015,9003,"Hartford County, CT",1.3,15,0,0.075,9.9,19,8140.51,74707.0154391176
2015,9005,"Litchfield County, CT",0.5,2,0,0.076,5.3,8,8220.08,76418.8264917003
2015,9009,"New Haven County, CT",1.3,14,1,0.081,9.3,15,8559.55,66615.0138534367
2015,11001,"District of Columbia",2,13,1,0.072,10,17,11504.54,78865.1954061664
2015,12011,"Broward County, FL",1.1,5,0,0.063,6.5,11,7351.67,57841.308055259
2015,12057,"Hillsborough County, FL",0.7,12,2,0.068,9.8,19,5821.02,55776.7797914636
2015,12095,"Orange County, FL",1.2,4,0,0.061,6.3,13,5322.63,54571.93231463
2015,12103,"Pinellas County, FL",0.6,4,0,0.059,6.8,20,7588.97,51333.8373052707
2015,13089,"DeKalb County, GA",1.2,16,0,0.071,11.8,17,5748.24,58240.4070404233
2015,13121,"Fulton County, GA",1.8,20,1,0.077,10.5,16,6415.24,64622.7548653331
2015,15003,"Honolulu County, HI",1.6,4,1,0.049,5.4,21,6626.13,82563.8722173234
2015,17031,"Cook County, IL",0.8,18,1,0.07,11.1,23,6525.61,61311.311934376
2015,18089,"Lake County, IN",2.1,10,1,0.07,10.6,22,8009.09,54593.505232747
2015,18097,"Marion County, IN",2.5,15,1,0.069,12,28,6762.26,44663.491023499
2015,18163,"Vanderburgh County, IN",1.2,8,1,0.072,10.6,16,7016.03,47269.4995320308
2015,19153,"Polk County, IA",0.7,8,0,0.058,7.6,19,7689.92,65189.043965904
2015,19163,"Scott County, IA",0.8,6,1,0.063,9.9,42,7148.12,62734.0458841911
2015,20209,"Wyandotte County, KS",1.2,11,2,0.063,8.8,23,5632.57,45029.1519855819
2015,21111,"Jefferson County, KY",1.4,16,1,0.076,11,17,9246.8,55259.029756656
2015,22033,"East Baton Rouge Parish, LA",1.2,9,1,0.069,12.2,26,7613.13,54351.8885498368
2015,23003,"Aroostook County, ME",0.4,2,0,0.055,8.9,14,6867.75,40022.0776906298
2015,24033,"Prince George's County, MD",0.9,8,1,0.072,11.2,13,6604.52,82371.8732460822
2015,25013,"Hampden County, MA",1.2,13,1,0.07,7.6,14,8152.27,55458.5792492381
2015,25025,"Suffolk County, MA",0.9,17,1,0.056,8.8,14,7085,60975.8530576569
2015,25027,"Worcester County, MA",1,13,1,0.063,6.8,15,8964.6,70781.8229877322
2015,26163,"Wayne County, MI",1.7,18,2,0.07,11.7,26,7052.77,44855.4899947402
2015,27003,"Anoka County, MN",0.9,7,1,0.064,6.6,15,6842.24,79038.8573970081
2015,27053,"Hennepin County, MN",1.3,14,1,0.053,8.3,35,7890.02,74320.8602048236
2015,29510,"St. Louis City, MO",1.4,13,2,0.063,11.1,20,6027.39,40932.4548351665
2015,32003,"Clark County, NV",2.6,15,1,0.073,9.8,25,5725.21,55684.0162435606
2015,33015,"Rockingham County, NH",0.4,3,1,0.065,6.6,12,8864.91,93953.2943371854
2015,34013,"Essex County, NJ",1.9,17,0,0.071,8.9,16,6246.65,56311.7881607648
2015,34017,"Hudson County, NJ",1.6,17,0,0.077,11.4,20,5502.96,64775.9225839637
2015,35001,"Bernalillo County, NM",1.4,11,1,0.068,6.7,32,6413.76,51634.7795130026
2015,37119,"Mecklenburg County, NC",1.2,12,0,0.073,8.9,18,6198.69,61514.0973646757
2015,37183,"Wake County, NC",1.2,10,0,0.065,7.8,13,6994.5,76183.6816842252
2015,38017,"Cass County, ND",0.7,4,0,0.057,6.9,17,7624.84,60345.923848641
2015,39035,"Cuyahoga County, OH",2.9,13,3,0.072,13.3,42,7815.28,49084.860591575
2015,39061,"Hamilton County, OH",1.3,22,1,0.072,11.2,24,7105.33,55086.4464117201
2015,40143,"Tulsa County, OK",1.1,8,1,0.066,8.7,19,6968.59,55405.7255998515
2015,41051,"Multnomah County, OR",1.9,9,0,0.057,7.2,16,5972.02,63385.5480113241
2015,42003,"Allegheny County, PA",2.8,13,5,0.074,13.8,23,7719.27,58691.2810290682
2015,42021,"Cambria County, PA",1.1,9,2,0.065,11.7,17,6614.39,47229.5896335143
2015,42101,"Philadelphia County, PA",1.6,18,2,0.079,11.2,24,7242.84,44450.9977800467
2015,42125,"Washington County, PA",1,9,2,0.072,11,17,7472.06,62153.7343868443
2015,42133,"York County, PA",0.9,10,2,0.074,10.6,16,8224.94,63129.9089316378
2015,44007,"Providence County, RI",1.8,22,0,0.071,9.8,20,6918.85,54324.9224021906
2015,46099,"Minnehaha County, SD",0.6,5,0,0.06,8.8,22,7598.86,59978.1055947464
2015,47037,"Davidson County, TN",1.4,15,0,0.067,9.8,20,6257.23,56088.5084582541
2015,48141,"El Paso County, TX",2.8,14,1,0.07,8.6,25,4483.42,46490.7171880076
2015,48201,"Harris County, TX",1.7,13,0,0.089,11.7,41,6124.64,61126.8634844758
2015,49035,"Salt Lake County, UT",1.7,16,0,0.081,8.7,16,4974.62,70704.1604825111
2015,51087,"Henrico County, VA",1.1,8,0,0.064,8,13,8005.29,70677.1943348649
2015,51650,"Hampton City, VA",0.7,4,1,0.065,7.2,10,5861.2,54138.3166604786
2015,55079,"Milwaukee County, WI",0.7,15,1,0.068,9.6,14,7864.84,49515.2403080088
2015,56021,"Laramie County, WY",0.5,4,0,0.063,4.7,12,7040.33,63798.6693932643
2016,1073,"Jefferson County, AL",1.5,14,2,0.07,10.8,24,7445.8,53376.4790013215
2016,2090,"Fairbanks North Star Borough, AK",2,13,6,0.036,13.7,20,6801.43,78214.9858035489
2016,4013,"Maricopa County, AZ",2.4,31,1,0.075,12.9,46,6119.91,62572.4147258103
2016,4019,"Pima County, AZ",1.2,8,0,0.069,5.7,45,6575.55,50750.7426917113
2016,5119,"Pulaski County, AR",0.8,8,1,0.065,10.7,20,6734.5,51093.7394834738
2016,6013,"Contra Costa County, CA",0.9,8,2,0.069,8.1,14,8099.01,96848.6593386447
2016,6019,"Fresno County, CA",1.7,21,0,0.093,13.6,38,5588.03,51474.0185352104
2016,6023,"Humboldt County, CA",0.9,3,0,0.049,6.1,15,6581.15,45978.6134150161
2016,6025,"Imperial County, CA",3.1,11,1,0.074,12.5,55,5556.11,46152.242225753
2016,6037,"Los Angeles County, CA",3.6,24,1,0.1,14.7,34,6759.35,65305.7369856317
2016,6059,"Orange County, CA",2.1,23,0,0.079,12.9,27,7795.54,86965.6648232032
2016,6065,"Riverside County, CA",1.4,15,0,0.097,14,52,7401.82,63860.2505060613
2016,6071,"San Bernardino County, CA",1.6,31,1,0.116,16.2,39,6060.67,59858.2661996899
2016,6083,"Santa Barbara County, CA",5.7,8,1,0.064,7,24,6787.6,70687.1649110478
2016,6085,"Santa Clara County, CA",1.6,16,0,0.068,9.1,17,7208.02,118070.786923377
2016,6095,"Solano County, CA",1.8,7,1,0.067,8.5,11,7060.19,77973.1837174307
2016,8031,"Denver County, CO",2.1,29,1,0.07,9.5,29,6625.4,65018.1309801166
2016,9003,"Hartford County, CT",1.5,16,0,0.072,7.5,16,8204.89,73862.5482534202
2016,9009,"New Haven County, CT",1.2,14,0,0.08,7.4,13,8678.06,70316.4727261616
2016,12011,"Broward County, FL",1.5,5,0,0.061,6.4,13,7393.35,57579.7875115535
2016,12057,"Hillsborough County, FL",0.8,10,1,0.07,7.7,20,5862.84,58063.39168379
2016,12086,"Miami-Dade County, FL",1,8,0,0.062,8.1,24,5076.91,48878.1080335796
2016,12103,"Pinellas County, FL",0.9,4,1,0.063,7,18,7719.44,53232.6759985639
2016,13089,"DeKalb County, GA",1.2,17,0,0.074,10.3,17,5962.26,59708.0719523653
2016,13121,"Fulton County, GA",2.2,20,1,0.075,10.8,16,6665.18,66920.5914462277
2016,15003,"Honolulu County, HI",1.2,4,1,0.048,4,20,6899.46,85229.3767158342
2016,16001,"Ada County, ID",2.5,10,1,0.065,6.5,21,6297.8,65585.886539152
2016,17031,"Cook County, IL",0.7,17,1,0.079,9.9,27,6626.33,63939.075855721
2016,18089,"Lake County, IN",1.1,8,1,0.07,9.2,21,8353.76,57095.1181318891
2016,18097,"Marion County, IN",2.5,13,0,0.073,10.4,27,7058.21,48253.896480869
2016,18163,"Vanderburgh County, IN",0.9,8,1,0.072,9.1,15,7222.05,49798.4472512279
2016,19153,"Polk County, IA",0.8,8,0,0.061,7.2,19,7671.38,68353.295436664
2016,19163,"Scott County, IA",0.5,6,0,0.066,8.3,40,7283.83,59873.1791036795
2016,20209,"Wyandotte County, KS",1,11,1,0.064,8.5,24,5642.64,46225.7415382735
2016,21111,"Jefferson County, KY",1.3,15,1,0.076,9.2,16,9322.17,55399.3079067778
2016,22033,"East Baton Rouge Parish, LA",1.1,11,1,0.068,11.4,25,7858.3,53740.7799416406
2016,23003,"Aroostook County, ME",0.4,2,0,0.052,7.4,12,6986.88,42337.7344266803
2016,24033,"Prince George's County, MD",0.8,8,1,0.073,8.6,11,6771.37,83810.5204219596
2016,25025,"Suffolk County, MA",1.2,15,0,0.058,7.7,14,7239.69,65368.5842238739
2016,25027,"Worcester County, MA",1.1,12,1,0.07,6,15,9029.84,73567.4857959103
2016,26163,"Wayne County, MI",1.5,16,2,0.074,11.3,28,7451.93,46411.0876307166
2016,27053,"Hennepin County, MN",1.4,13,1,0.056,7.8,38,8013.02,75825.7255429178
2016,28049,"Hinds County, MS",1.2,6,0,0.063,8.4,17,6933.48,45700.5942763515
2016,29510,"St. Louis City, MO",1.5,12,2,0.068,9.4,25,6008.71,42559.2975716697
2016,32003,"Clark County, NV",2.2,25,1,0.073,10.6,27,5870.57,58005.870482687
2016,32031,"Washoe County, NV",1.9,13,0,0.069,7,21,5496.15,62051.5282935996
2016,33015,"Rockingham County, NH",0.4,3,1,0.067,5.6,10,9205,87364.052401213
2016,34007,"Camden County, NJ",1.3,12,0,0.076,10,39,7650.98,70131.1266337186
2016,34013,"Essex County, NJ",2.3,15,0,0.068,8.7,15,6427.56,58457.5184320885
2016,34017,"Hudson County, NJ",1.5,20,1,0.068,9.5,17,5600.66,67275.3055196963
2016,35001,"Bernalillo County, NM",1.9,10,1,0.067,7.6,33,6650.46,53898.43064096
2016,37119,"Mecklenburg County, NC",1,11,0,0.074,9.1,18,6247.1,67317.9138168096
2016,37183,"Wake County, NC",1.5,9,0,0.069,7.9,12,7329.22,81140.0454003804
2016,38017,"Cass County, ND",0.3,4,0,0.054,5.1,14,7956.03,63604.6007233812
2016,39035,"Cuyahoga County, OH",3.9,11,2,0.07,10.6,37,7834.06,49748.3825021197
2016,39049,"Franklin County, OH",1.8,12,0,0.072,8.7,20,6917.9,59747.4846271952
2016,39061,"Hamilton County, OH",1.3,21,1,0.075,10.2,21,7138.37,56822.4250303637
2016,40109,"Oklahoma County, OK",1.1,17,0,0.068,7.6,22,6925.32,54412.9258286037
2016,40143,"Tulsa County, OK",1.6,7,1,0.064,9.5,19,7119.99,54832.6175551702
2016,41051,"Multnomah County, OR",1.2,9,0,0.055,5.6,10,6287.72,66353.9010946201
2016,42003,"Allegheny County, PA",2.6,11,4,0.072,10.6,23,7817.28,59757.0714940457
2016,42021,"Cambria County, PA",0.7,7,1,0.062,8.9,14,6794.98,46457.9567575413
2016,44007,"Providence County, RI",1.8,20,0,0.064,9.3,15,6953.77,55402.5035290613
2016,46099,"Minnehaha County, SD",0.7,4,0,0.064,6.6,18,7754.88,64172.3562824166
2016,47037,"Davidson County, TN",1.5,16,0,0.068,9.3,18,6464.34,58230.6292499599
2016,48029,"Bexar County, TX",0.7,8,1,0.071,7.9,20,5933.74,56637.0789379206
2016,48141,"El Paso County, TX",2.4,15,1,0.071,9.6,27,4739.85,44789.8419255536
2016,48201,"Harris County, TX",1.6,14,0,0.079,9.7,30,6303.87,60093.6770412411
2016,51087,"Henrico County, VA",1.2,7,0,0.066,7.2,13,8206.93,70861.8589292125
2016,55079,"Milwaukee County, WI",0.8,14,1,0.077,8.3,17,8064.8,50774.1772551236
2016,56021,"Laramie County, WY",0.2,4,0,0.061,4.5,12,7150.8,65109.7388189103
2017,1073,"Jefferson County, AL",2.1,11,4,0.064,10.3,22,7302.59,52911.9551712005
2017,2090,"Fairbanks North Star Borough, AK",2,13,6,0.048,9,15,6641.09,77432.6637335178
2017,4013,"Maricopa County, AZ",2.9,31,1,0.077,10.2,56,6195.36,64895.9169483602
2017,4019,"Pima County, AZ",1.2,8,0,0.073,6.7,49,6788.04,53601.371945326
2017,5119,"Pulaski County, AR",1.5,8,1,0.062,9.9,19,6969.19,54612.029818439
2017,6013,"Contra Costa County, CA",1.5,8,2,0.069,12,19,8068.51,99148.7706231822
2017,6019,"Fresno County, CA",1.7,21,1,0.095,15,43,5374.84,53663.9513801937
2017,6025,"Imperial County, CA",4.5,12,1,0.082,12.3,53,5234.73,45279.3500985063
2017,6037,"Los Angeles County, CA",3.5,25,1,0.111,14.9,33,6611.68,67702.6046021755
2017,6065,"Riverside County, CA",1.8,15,0,0.109,14.6,57,7312.9,66517.7673020142
2017,6071,"San Bernardino County, CA",1.6,32,1,0.114,14.6,38,5829.12,62861.0423245797
2017,6073,"San Diego County, CA",1.4,16,0,0.09,9.6,27,7787.23,79317.347713616
2017,6083,"Santa Barbara County, CA",1.6,6,0,0.068,7.6,27,6732.23,73688.3275472686
2017,6095,"Solano County, CA",1.9,8,1,0.067,11.6,17,6907.15,79195.317815624
2017,8001,"Adams County, CO",1.3,14,1,0.068,9.7,35,6818.39,68813.3895710767
2017,8031,"Denver County, CO",1.7,27,1,0.066,8.9,30,6818.39,67767.2700182054
2017,9009,"New Haven County, CT",0.9,13,0,0.086,6.7,12,8713.18,69634.2231584244
2017,11001,"District of Columbia",2.3,15,1,0.071,10.2,16,11638.53,83598.8240491461
2017,12011,"Broward County, FL",1.6,15,0,0.067,9.8,13,7292.54,59139.6519311153
2017,12057,"Hillsborough County, FL",1,10,1,0.068,8,13,5905.19,57094.3474015234
2017,12095,"Orange County, FL",1.4,4,0,0.068,7.8,13,5618.55,56343.3941831113
2017,12103,"Pinellas County, FL",1.9,8,0,0.065,7.7,20,7843.35,53701.4990411143
2017,13089,"DeKalb County, GA",1.3,15,0,0.068,9,17,6029,64139.7487770425
2017,13121,"Fulton County, GA",1.8,18,1,0.074,10.4,15,6744.24,67691.1317057831
2017,15003,"Honolulu County, HI",1,4,1,0.049,4.4,15,6986.68,84426.9585705617
2017,17031,"Cook County, IL",0.6,16,1,0.078,10.3,16,6820.26,64040.6646718354
2017,18089,"Lake County, IN",1.4,10,1,0.07,8.9,22,8622.28,57290.4296307755
2017,18097,"Marion County, IN",2.9,13,0,0.069,10.5,24,7067.53,49690.1572660963
2017,18163,"Vanderburgh County, IN",1.2,8,1,0.068,8.9,14,7302.01,49496.1610180065
2017,19153,"Polk County, IA",1,6,0,0.06,7.5,19,7920.97,68954.193299529
2017,19163,"Scott County, IA",0.7,6,0,0.062,8.1,41,7290.62,62017.2629444472
2017,22033,"East Baton Rouge Parish, LA",1,10,1,0.073,10.3,22,7900.47,56836.7287279848
2017,23003,"Aroostook County, ME",0.6,2,0,0.051,6.7,8,7186.66,44431.3987560493
2017,24033,"Prince George's County, MD",0.7,7,0,0.072,7.3,10,6776.19,84334.1324088413
2017,25025,"Suffolk County, MA",0.9,14,1,0.069,8.8,11,7297,68836.3353638615
2017,26163,"Wayne County, MI",1.8,16,3,0.076,11.2,26,7271.21,47124.4004365216
2017,27003,"Anoka County, MN",0.8,6,1,0.063,7.9,13,7319.84,82497.425995475
2017,27053,"Hennepin County, MN",4.4,13,1,0.058,7.7,41,8115.94,77773.7216535467
2017,29510,"St. Louis City, MO",1.4,11,2,0.069,9.1,27,6083.23,42633.2829941848
2017,32003,"Clark County, NV",2.8,27,1,0.076,8.3,29,6001.39,59676.7920803961
2017,32031,"Washoe County, NV",2.2,13,0,0.069,8,23,5515.55,64150.1786828538
2017,33015,"Rockingham County, NH",0.5,3,1,0.068,5.3,10,9526.06,92877.2682588601
2017,34007,"Camden County, NJ",1.4,12,0,0.076,9.3,20,7433.63,68646.5110780962
2017,34013,"Essex County, NJ",1.4,15,0,0.064,8.6,14,6342.07,62875.6441927155
2017,34017,"Hudson County, NJ",1.1,20,0,0.067,8.1,15,5465.81,68496.3204344138
2017,35001,"Bernalillo County, NM",1,10,0,0.071,6.3,35,6691.18,53287.4317804065
2017,36005,"Bronx County, NY",1.2,17,1,0.069,8,13,8759.53,38983.8589508182
2017,36029,"Erie County, NY",1,10,0,0.066,7.4,15,7017.2,57970.4594896709
2017,36055,"Monroe County, NY",0.8,9,0,0.067,6.7,11,6525.63,60138.8369078358
2017,36081,"Queens County, NY",1.1,15,1,0.079,7.1,12,8090.03,66799.3747589187
2017,37183,"Wake County, NC",1.2,9,0,0.066,8.5,14,7477.4,80978.8317093528
2017,38015,"Burleigh County, ND",0.6,5,1,0.059,6.6,22,7575.03,73087.5649725389
2017,39035,"Cuyahoga County, OH",3.3,11,1,0.069,11.2,30,8421.31,48935.0320853597
2017,39049,"Franklin County, OH",1.6,11,0,0.07,8.8,22,7058.58,61759.6442709086
2017,39061,"Hamilton County, OH",1.2,20,1,0.072,10.9,18,7147.13,57550.1342854763
2017,40109,"Oklahoma County, OK",1.3,16,0,0.071,7.1,19,6997.63,53598.2429735826
2017,40143,"Tulsa County, OK",1,7,1,0.065,7.8,17,7197.72,54839.4017651249
2017,41051,"Multnomah County, OR",1.1,9,0,0.068,7.9,15,6374.25,66320.642082181
2017,42003,"Allegheny County, PA",3.7,10,4,0.072,14.8,24,7724.93,61063.9695532963
2017,42021,"Cambria County, PA",0.6,6,0,0.062,11.8,11,6691.1,47984.8676659522
2017,42101,"Philadelphia County, PA",2.6,11,1,0.076,10,22,6988.33,41920.9204272744
2017,44007,"Providence County, RI",1.6,18,0,0.076,8.3,15,6920.96,58248.937974832
2017,46099,"Minnehaha County, SD",0.7,4,1,0.066,7.4,17,8005.13,63812.2497345683
2017,47037,"Davidson County, TN",1.5,14,0,0.064,9.7,15,6678.07,60768.8032188371
2017,48029,"Bexar County, TX",1.1,8,2,0.073,8.9,21,5852.81,56491.4988456315
2017,48141,"El Paso County, TX",2.6,10,1,0.075,9.3,29,4639.42,46016.7444393638
2017,48201,"Harris County, TX",1.9,14,0,0.077,10.4,27,6270.23,61185.9994512882
2017,50007,"Chittenden County, VT",0.6,6,0,0.06,3.9,6,8143.76,68681.9727578546
2017,50021,"Rutland County, VT",0.7,6,0,0.063,6.4,13,9386.28,55791.6521656946
2017,51059,"Fairfax County, VA",1.1,15,0,0.068,6.9,13,7027.27,123061.415676702
2017,51087,"Henrico County, VA",0.8,8,0,0.067,7.6,13,8221.25,70333.0268477801
2017,51650,"Hampton City, VA",0.6,4,0,0.064,6.4,10,5887.6,55167.9437981801
2017,55079,"Milwaukee County, WI",0.5,14,0,0.07,8.6,14,7984.57,49849.7348250089
2017,56021,"Laramie County, WY",0.7,4,0,0.065,5.5,12,7330.56,64308.7132511852
2018,1073,"Jefferson County, AL",1.3,11,3,0.069,10.3,21,7344.6,56009.9511287029
2018,2090,"Fairbanks North Star Borough, AK",2,12,6,0.041,10.6,15,7090.19,75613.8921786942
2018,4013,"Maricopa County, AZ",2.9,28,1,0.076,9.8,57,6322.88,66416.1771204952
2018,4019,"Pima County, AZ",0.9,8,0,0.07,5.9,43,6675.75,54362.6295696852
2018,5119,"Pulaski County, AR",0.8,7,1,0.067,10.3,19,7224.03,50862.3257872977
2018,6013,"Contra Costa County, CA",1.9,8,1,0.064,13.4,21,8095.75,103301.722708661
2018,6019,"Fresno County, CA",1.8,21,1,0.088,17.1,45,5439.29,53266.1120671746
2018,6023,"Humboldt County, CA",0.8,2,0,0.049,7.1,17,6723.43,50367.5184463319
2018,6037,"Los Angeles County, CA",3.1,22,1,0.102,13.4,33,6804.8,69218.0491417664
2018,6065,"Riverside County, CA",1.5,14,0,0.1,15.2,52,7464.56,68003.4294755685
2018,6067,"Sacramento County, CA",3.6,12,0,0.079,12.8,25,6450.32,70734.032949787
2018,6071,"San Bernardino County, CA",1.3,30,1,0.111,17.6,35,5908.2,64457.3101986472
2018,6073,"San Diego County, CA",1.3,15,0,0.08,10,26,7797.1,80204.6047309877
2018,6083,"Santa Barbara County, CA",0.8,6,0,0.063,8.6,25,6885.32,77016.8644335313
2018,6085,"Santa Clara County, CA",2.2,17,0,0.065,12.9,22,7420.68,128215.170514077
2018,8001,"Adams County, CO",1.7,16,1,0.069,10.2,36,6804.61,71471.1533507319
2018,8031,"Denver County, CO",2.9,27,1,0.072,9.2,30,6804.61,69302.5532761288
2018,9001,"Fairfield County, CT",1.4,9,0,0.086,6.9,14,8555.3,92835.4275129244
2018,9009,"New Haven County, CT",1.2,12,0,0.077,6.8,14,8703.6,68947.2286629662
2018,11001,"District of Columbia",1.9,13,1,0.073,9.5,16,11816.75,84028.6713414144
2018,12011,"Broward County, FL",1.1,15,0,0.066,6.4,16,7423.8,58236.5841630488
2018,12031,"Duval County, FL",1.2,11,1,0.061,8.7,18,6530.5,56742.9990412447
2018,12057,"Hillsborough County, FL",0.9,10,1,0.07,6.9,23,6170.34,59418.6239220226
2018,12095,"Orange County, FL",1,5,0,0.063,6.8,12,5783.46,59088.7523613787
2018,12103,"Pinellas County, FL",0.8,9,1,0.067,6.8,22,8190.37,53172.4448339054
2018,13089,"DeKalb County, GA",1.2,15,0,0.067,8,17,5985.83,64627.3365894729
2018,13121,"Fulton County, GA",1.6,16,1,0.072,9.2,15,6802.86,72091.1897100902
2018,15003,"Honolulu County, HI",2.5,4,1,0.049,4.3,14,7084.49,85211.729222489
2018,17031,"Cook County, IL",0.9,18,2,0.084,11.2,14,6792.53,64494.980716375
2018,18089,"Lake County, IN",1.6,10,2,0.071,10.7,23,8434.69,56281.7897296038
2018,18097,"Marion County, IN",2.2,14,0,0.076,10.9,26,7010.97,49286.2727753327
2018,18163,"Vanderburgh County, IN",0.9,8,0,0.068,9.3,16,7356.72,51415.1660880064
2018,19153,"Polk County, IA",0.8,7,0,0.065,8,18,8042.73,69719.9833374374
2018,19163,"Scott County, IA",0.7,6,1,0.071,8.8,39,7520.38,60949.8795615545
2018,22033,"East Baton Rouge Parish, LA",1.7,10,1,0.074,10.3,27,7912.78,53904.4746243465
2018,23003,"Aroostook County, ME",0.6,2,0,0.055,8.3,18,7188.8,40164.9168746901
2018,24033,"Prince George's County, MD",0.7,6,0,0.073,6.5,9,7281,83939.0765965482
2018,26163,"Wayne County, MI",2.4,16,2,0.074,11.9,29,7163.7,47281.5903589508
2018,29510,"St. Louis City, MO",1.3,11,1,0.077,9.6,25,6054.88,44047.0164448598
2018,32031,"Washoe County, NV",1.6,13,0,0.078,8,23,5587.37,64789.2180034925
2018,33015,"Rockingham County, NH",0.4,3,1,0.069,5.2,9,9766.84,95342.0441249774
2018,34013,"Essex County, NJ",1.7,14,0,0.071,8.6,13,6273.18,64014.4270848198
2018,34017,"Hudson County, NJ",1.6,19,1,0.078,8.1,15,5332.01,74666.0205028935
2018,35001,"Bernalillo County, NM",1,10,1,0.075,7.3,40,6618.03,52302.9685598626
2018,36005,"Bronx County, NY",1.2,17,1,0.077,8.3,14,8642.55,39264.8969376248
2018,36029,"Erie County, NY",0.7,10,0,0.069,7.6,14,7020.24,57396.6334299279
2018,36055,"Monroe County, NY",0.8,9,0,0.071,7.3,11,6607.58,61331.6753493367
2018,36081,"Queens County, NY",1.5,16,0,0.073,8.3,12,8067.43,69672.131598702
2018,37119,"Mecklenburg County, NC",1.3,10,0,0.07,8.4,15,6740.32,65678.0385974496
2018,37183,"Wake County, NC",0.9,9,0,0.063,7.9,14,7292.17,81621.8306952353
2018,38015,"Burleigh County, ND",0.4,5,0,0.058,7.5,20,7828.7,73586.8110760958
2018,39035,"Cuyahoga County, OH",3.1,11,1,0.075,11.1,30,8313.08,50912.2137702346
2018,39061,"Hamilton County, OH",1.7,19,1,0.08,10.6,17,7374.73,58338.3963731241
2018,40109,"Oklahoma County, OK",1.6,13,0,0.072,8.4,22,6918.74,53294.6194859957
2018,40143,"Tulsa County, OK",1,7,1,0.073,10.4,19,7151.98,56807.1407335921
2018,41051,"Multnomah County, OR",1.6,9,0,0.067,7.4,12,6559.74,72038.2473608511
2018,42003,"Allegheny County, PA",3.2,10,4,0.074,11.7,22,7785.92,60966.1695151665
2018,44007,"Providence County, RI",1.5,17,0,0.079,8.9,11,6718.78,57158.3928583518
2018,46099,"Minnehaha County, SD",0.5,5,0,0.069,7.6,13,7976.27,61120.9240744809
2018,47157,"Shelby County, TN",0.9,10,0,0.073,9,15,6169.87,48792.4835564677
2018,48201,"Harris County, TX",1.5,12,0,0.088,11,32,6257.07,61332.6934714375
2018,48453,"Travis County, TX",1.3,12,0,0.072,10.2,23,5624.42,77636.9007928896
2018,50007,"Chittenden County, VT",0.6,6,0,0.062,5.5,6,8058.76,75585.3847598731
2018,51059,"Fairfax County, VA",0.9,15,1,0.066,8.9,12,7272.51,124246.530565344
2018,51087,"Henrico County, VA",0.8,6,0,0.065,7,12,8339.02,69823.8317917142
2018,51650,"Hampton City, VA",0.6,3,1,0.062,6,10,6017.8,55755.4206035147
2018,55079,"Milwaukee County, WI",0.8,14,0,0.073,8.7,16,7928.24,50672.9550765577
2018,56021,"Laramie County, WY",0.4,4,0,0.068,4.9,13,7335.24,64995.8967899453
2019,1073,"Jefferson County, AL",1.3,12,2,0.074,10.3,23,7591.09,54127
2019,4013,"Maricopa County, AZ",2.3,25,1,0.074,8.4,50,6529.26,68634
2019,4019,"Pima County, AZ",0.6,7,0,0.065,5,39,6804.69,56150
2019,5119,"Pulaski County, AR",1.2,8,1,0.06,10.3,19,7515.31,52684
2019,6013,"Contra Costa County, CA",0.9,7,1,0.069,7.8,15,8484.51,106555
2019,6019,"Fresno County, CA",1.4,20,0,0.08,11.7,39,5673.23,56926
2019,6023,"Humboldt County, CA",0.8,2,0,0.046,6.8,15,7115.46,51134
2019,6025,"Imperial County, CA",3.1,9,0,0.08,10.8,44,5596.66,48102
2019,6037,"Los Angeles County, CA",2.9,23,0,0.101,13.4,28,6980.7,72721
2019,6065,"Riverside County, CA",1.2,14,0,0.096,12.7,46,7818.38,72905
2019,6067,"Sacramento County, CA",1.2,12,0,0.071,8.4,22,6618.35,71891
2019,6071,"San Bernardino County, CA",1.1,29,2,0.106,15.5,35,6120.77,67398
2019,6073,"San Diego County, CA",1.7,14,0,0.076,8.6,32,8102.78,83576
2019,6083,"Santa Barbara County, CA",0.6,5,1,0.068,6.8,22,7364.93,74530
2019,6085,"Santa Clara County, CA",1.5,14,0,0.064,9.1,18,7899.22,132444
2019,8001,"Adams County, CO",1.3,17,1,0.06,9.2,35,6711.15,75341
2019,8031,"Denver County, CO",2,27,1,0.067,10,30,6711.15,75456
2019,9001,"Fairfield County, CT",1.7,8,0,0.084,6.9,14,8552.45,96966
2019,9009,"New Haven County, CT",1.2,12,0,0.084,6.9,16,8629.06,69687
2019,11001,"District of Columbia",1.6,14,1,0.071,8.7,17,11977.94,90395
2019,12011,"Broward County, FL",1.7,15,1,0.058,8.9,15,7393.59,61429
2019,12031,"Duval County, FL",1.1,11,1,0.065,6.8,20,6745.57,58339
2019,12057,"Hillsborough County, FL",1,10,1,0.07,7.2,22,6249.13,61133
2019,12086,"Miami-Dade County, FL",1.2,11,2,0.06,6.7,21,5558.47,54991
2019,12095,"Orange County, FL",0.7,4,0,0.065,6.5,12,5904.55,63133
2019,12103,"Pinellas County, FL",0.7,8,1,0.067,6.7,18,8297.45,56708
2019,13089,"DeKalb County, GA",1.1,15,0,0.073,8.5,17,6308.41,63606
2019,13121,"Fulton County, GA",1.8,16,1,0.075,9.5,16,7089.05,79235
2019,15003,"Honolulu County, HI",0.8,4,1,0.053,3.9,13,7195.53,86946
2019,17031,"Cook County, IL",1.5,17,1,0.071,10.8,14,6946.3,69375
2019,18089,"Lake County, IN",1.6,9,0,0.065,9.2,19,8684.98,57280
2019,18163,"Vanderburgh County, IN",1.1,8,0,0.064,8.7,14,7680.84,51603
2019,22033,"East Baton Rouge Parish, LA",0.9,10,1,0.066,9.3,17,8014.76,56303
2019,23003,"Aroostook County, ME",0.6,2,0,0.053,5.5,14,7385.13,40675
2019,24033,"Prince George's County, MD",0.9,5,0,0.075,7.2,10,7633.24,85357
2019,25025,"Suffolk County, MA",1,14,0,0.061,8.1,10,7340.98,75843
2019,25027,"Worcester County, MA",0.9,10,0,0.06,8.2,13,9184.19,77795
2019,26163,"Wayne County, MI",2,16,3,0.068,12.6,25,7425.5,50753
2019,27003,"Anoka County, MN",0.6,7,0,0.062,6.8,12,7388.44,83363
2019,29510,"St. Louis City, MO",1.7,11,1,0.064,9.4,23,6091.98,46309
2019,32003,"Clark County, NV",2.4,24,0,0.07,7.2,29,6344.18,62131
2019,32031,"Washoe County, NV",1.5,11,0,0.066,6,20,5841.14,71733
2019,34007,"Camden County, NJ",1.2,11,1,0.07,10.2,17,7454.82,73168
2019,34013,"Essex County, NJ",1.6,16,0,0.065,9,13,6491.15,64522
2019,34017,"Hudson County, NJ",1.2,21,1,0.065,8.9,15,5424.84,77738
2019,35001,"Bernalillo County, NM",1,9,1,0.069,6.7,36,6962.86,56148
2019,36005,"Bronx County, NY",1.3,17,1,0.069,7.4,13,8743.73,41470
2019,36055,"Monroe County, NY",0.7,8,0,0.059,6.6,10,6828.8,62159
2019,36081,"Queens County, NY",1.1,17,0,0.071,7.8,11,8242.63,72975
2019,37119,"Mecklenburg County, NC",1.4,11,0,0.074,9.5,15,7127.41,69455
2019,37183,"Wake County, NC",1.2,9,0,0.064,7.9,15,7390.94,84377
2019,38015,"Burleigh County, ND",0.5,5,0,0.059,5.3,15,7917.95,73565
2019,39035,"Cuyahoga County, OH",2.3,10,2,0.07,10.9,31,8362.89,52503
2019,39049,"Franklin County, OH",1,10,0,0.068,9.9,17,7217.44,64648
2019,39061,"Hamilton County, OH",1.6,18,1,0.072,11.9,17,7600.05,60251
2019,40109,"Oklahoma County, OK",1,12,0,0.066,8.5,17,7081.66,56272
2019,40143,"Tulsa County, OK",0.8,7,0,0.066,8.3,16,7374.17,57668
2019,41051,"Multnomah County, OR",1.4,8,0,0.058,6.4,12,6715.72,72469
2019,42003,"Allegheny County, PA",3,10,4,0.064,14.2,23,7834.06,64799
2019,44007,"Providence County, RI",1.7,17,0,0.064,8.3,16,6767.8,62165
2019,46099,"Minnehaha County, SD",0.5,5,0,0.065,6.9,12,8317.03,63162
2019,47157,"Shelby County, TN",0.8,10,0,0.07,8.4,18,6501.47,52659
2019,48201,"Harris County, TX",1.7,17,0,0.081,10.7,29,6502.54,61638
2019,48453,"Travis County, TX",1.8,12,0,0.065,9.5,20,5723.99,80690
2019,49035,"Salt Lake County, UT",1.5,18,1,0.073,9,17,5368.59,79941
2019,50007,"Chittenden County, VT",0.6,6,0,0.054,5.5,5,7940.29,76483
2019,50021,"Rutland County, VT",1,7,0,0.052,6.4,12,9066.54,51903
2019,51059,"Fairfax County, VA",1.1,16,0,0.07,9.1,9,7658.22,127898
2019,51087,"Henrico County, VA",0.9,6,0,0.064,6.9,11,8352.54,68975
2019,51650,"Hampton City, VA",0.5,3,0,0.061,6.4,9,6343.58,55816
2019,53033,"King County, WA",1.1,18,1,0.055,8.3,10,7520.36,102338
2019,55079,"Milwaukee County, WI",0.7,13,0,0.064,8,17,7917.96,53505
2019,56009,"Converse County, WY",0.1,3,1,0.059,2.2,20,9013.62,72481
2019,56021,"Laramie County, WY",0.4,3,1,0.06,3.9,19,7246.8,69613
